{
    "mileage": -0.04618617019529386,
    "hp": 106.78136513886699,
    "year": 994.615784975876,
    "make": {
        "Aixam": 0.0,
        "Alfa Romeo": 0.0,
        "Alpina": 5403.8749238814025,
        "Alpine": 17560.488607212814,
        "Aston Martin": 261820.95894927872,
        "Audi": 7495.080931304683,
        "BMW": 689.278415703376,
        "Baic": -0.0,
        "Bentley": 139745.53799377932,
        "Brilliance": -0.0,
        "Cadillac": -0.0,
        "Chevrolet": -3005.7183838384017,
        "Chrysler": -4228.101532089626,
        "Citroen": -1243.9569682136698,
        "Corvette": 22385.016933047875,
        "Cupra": -1717.083479365923,
        "DFSK": -0.0,
        "DS": 0.0,
        "Dacia": -1553.7101198144783,
        "Daihatsu": 0.0,
        "Dodge": -4058.2088970413515,
        "Estrima": 0.0,
        "FISKER": 11675.447598827632,
        "Ferrari": 130263.23069149387,
        "Fiat": -146.89122174870792,
        "Ford": -88.41207725643292,
        "Honda": 0.0,
        "Hyundai": -1167.987857693151,
        "Infiniti": -4488.620916566356,
        "Isuzu": 0.0,
        "Iveco": 657.5879933844341,
        "Jaguar": 7439.068648952231,
        "Jeep": 793.9722188347362,
        "Kia": -1307.935674766541,
        "Lada": -1287.1464292700184,
        "Lamborghini": 111253.48049849052,
        "Lancia": -1084.5119788068935,
        "Land Rover": 20056.770771333744,
        "Lexus": 1898.3455247125776,
        "Ligier": 1193.5473607106403,
        "MINI": -54.140562424048596,
        "Maserati": 30708.662154523383,
        "Maybach": 533522.3121581852,
        "Mazda": -1099.006262718793,
        "McLaren": 96560.10253665372,
        "Mercedes-Benz": 5525.4024091771225,
        "Microcar": -14607.00680744676,
        "Mitsubishi": -0.0,
        "Morgan": 26216.6085493108,
        "Nissan": -145.6170916664133,
        "Opel": -1339.029657126745,
        "Peugeot": 0.0,
        "Polestar": 5541.904222015983,
        "Porsche": 38929.11205567607,
        "RAM": -0.0,
        "Renault": -821.45934885511,
        "Rolls-Royce": 125895.83859328894,
        "SEAT": -330.7636667770454,
        "Skoda": 348.97286088370697,
        "SsangYong": -3429.5098347123057,
        "Subaru": 0.0,
        "Suzuki": -2008.986045556412,
        "Tesla": -0.0,
        "Toyota": 179.08357560987196,
        "Volkswagen": 2786.8227958107436,
        "Volvo": 2148.826106318759,
        "Zhidou": 0.0,
        "smart": -670.8447555004677
    },
    "fuel": {
        "Diesel": 594.9645914729218,
        "Electric": 1361.6307684342314,
        "Electric/Diesel": 3138.652403027189,
        "Electric/Gasoline": 2113.6284173952913,
        "Ethanol": 0.0,
        "Gasoline": -530.7398173913434,
        "Hydrogen": 0.0,
        "LPG": 0.0
    },
    "gear": {
        "Manual": -1178.4082449264877,
        "Semi-automatic": -0.0
    },
    "offer_type": {
        "Employee's car": -2696.8118653220295,
        "New": 0.0,
        "Pre-registered": -4763.737160406688,
        "Used": -5119.217209359065
    }
}